base_id,name,lat,lon,distance_km,travel_h,freshness_pct
1,英茂花卉产业有限公司,25.168996,102.949708,53.26,0.5808,94.36
2,富态花卉种苗园,24.913351,102.789624,3.48,0.0751,99.25
3,曼朵花卉种植园,24.945913,102.86602,16.45,0.3336,96.72
4,云南丰岛花卉有限公司,25.237744,102.495773,60.82,0.7011,93.23
5,昆明盆花苗木种植批发基地1期,24.908777,102.789227,3.46,0.0791,99.21
6,优花农业花卉基地,24.907813,102.780197,2.25,0.0683,99.32
7,昆明茹浩花卉种植有限公司,24.90596,102.787322,2.32,0.0672,99.33
8,晋宁区玉莲花卉合作社,24.661021,102.621695,42.77,0.4803,95.31
9,雅绮花卉种苗基地,24.919905,102.799528,4.4,0.1114,98.89
10,晋宁林茂花卉种植专业合作社,24.686675,102.490456,60.3,0.9434,91.0
11,云南省农科院花卉所(宝峰基地),24.569282,102.560391,58.15,0.6534,93.67
12,斗南花卉盆景生态园C区,24.896398,102.772056,2.62,0.0617,99.38
13,昆明绿景苑花卉,24.904966,102.808019,4.26,0.1,99.01
14,昆明英茂花卉产业有限公司禄劝基地,25.576724,102.540381,121.77,1.4455,86.54
15,云南宏博花卉种植园,24.917239,103.412743,92.33,1.0143,90.35
16,昆明斗南红梅花卉种苗基地,24.917824,102.796318,3.93,0.0956,99.05
17,洛羊农村电商农业花卉种植示范基地,24.924899,102.806477,5.67,0.1436,98.57
18,云南爱上花花卉种植有限公司,24.906121,102.772223,2.36,0.0738,99.26
19,毅莱花卉种植有限公司,24.925331,102.803648,5.12,0.1235,98.77
20,昆明空谷幽兰花卉基地,24.911236,102.778405,3.26,0.1021,98.98
21,柏悦兰园花卉基地,24.912481,102.77836,3.39,0.1064,98.94
22,宜良顺民花卉花木城一期基地,24.86079,103.14391,64.58,0.8296,92.04
23,艾莎精品多肉,24.857272,102.821856,11.02,0.1576,98.44
24,矣六社区多肉,24.910837,102.765048,4.84,0.1268,98.74
25,昆明润和花卉种植有限公司,24.900375,102.784775,0.38,0.0125,99.87
26,昆明市嵩明缘情花卉种植有限责任公司,25.305485,102.983333,58.64,0.7298,92.96
27,云南付氏农业蔬菜花卉育苗基地,24.870062,102.956766,32.35,0.3718,96.35
28,睿颖花卉二基地,24.943849,103.175623,59.64,0.7056,93.19
29,昆明市淘多肉园艺,24.799885,102.811979,31.04,0.355,96.51
30,禹雅花卉基地,24.913787,102.778635,3.52,0.1108,98.9
31,小老虎花卉一基地,24.858276,103.144516,64.74,0.8334,92.0
32,昆明福美花卉有限公司基地,24.915914,102.796359,3.55,0.0844,99.16
33,金兰园艺,24.906785,102.776046,2.68,0.0825,99.18
34,龙欣园艺,24.916248,102.777433,4.77,0.1089,98.92
35,顺鸿花卉种植基地,24.629801,102.598568,46.95,0.554,94.61
36,云南容升花卉有限公司,24.925227,102.809588,5.41,0.1349,98.66
37,云南永茗花卉种植有限公司(双河基地),24.574944,102.457494,70.77,1.0111,90.38
38,云南绿丰花卉种苗有限公司,24.917452,102.792853,6.34,0.1658,98.36
39,凯宇花卉种植园,24.820405,103.423378,93.35,1.0527,90.01
40,佳雄兰业嵩明花卉有限公司,25.341701,102.994531,65.19,0.7796,92.5
41,呈贡区兰亭茶韵花卉种植园,24.854476,102.866126,14.07,0.2734,97.3
42,昆明阳辉园艺,24.918625,102.789875,12.39,0.1744,98.27
43,小城花卉种植园,24.959825,103.400175,92.33,1.0143,90.35
44,烜荣花卉二基地,24.859119,103.147995,67.77,0.9501,90.94
45,云润花卉,25.024696,103.049525,83.26,0.884,91.54
46,云上甄选多肉基地,24.812505,102.858484,26.36,0.3637,96.43
47,云南媛媛花卉种苗基地,24.622977,102.585835,48.99,0.5611,94.54
48,瑞均花卉梦金鹏基地,24.670854,102.334802,82.57,1.3659,87.23
49,嵩明瑞枫花卉基地,25.351716,103.026285,67.95,0.8311,92.02
50,嵩明县重友花卉种植基地,25.380349,103.099803,72.83,0.8483,91.87
51,锦铭花卉多肉基地,24.866529,102.441923,58.42,0.7897,92.41
52,古木派多肉花园,24.894649,102.81943,,,
53,喜洋洋花卉基地,24.727002,103.26333,87.55,0.9706,90.75
54,凯烨玫瑰,24.925625,103.169575,59.64,0.71,93.15
55,雅露多肉,24.91645,102.770068,4.86,0.1119,98.89
56,云南木木花卉种植有限公司,25.042801,102.727019,20.84,0.2922,97.12
57,萌卉多肉森林,24.580053,102.568469,56.83,0.6185,94.0
58,石林语禾花卉种植园,24.741766,103.274743,92.8,1.0566,89.97
59,欣欣玫瑰,24.885084,103.158414,64.16,0.8297,92.04
60,石林县锦沃花卉园艺园,24.74176,103.282628,92.11,1.0391,90.13
61,川桂园艺,24.907026,102.77927,2.48,0.0761,99.24
62,小洛园艺,24.810117,102.869027,25.37,0.3538,96.52
63,昆明市云家多肉园,24.905924,102.763615,3.47,0.0812,99.19
64,红烧多肉植物基地,24.624509,102.634986,45.08,0.6055,94.12
65,云南花知源花卉基地有限公司,24.847725,103.440925,93.83,1.0846,89.72
66,小天空多肉花园新基地,24.905808,102.76011,3.81,0.0926,99.08
67,昆明瑰谷花卉种植有限公司,24.718613,102.710312,32.42,0.4258,95.83
68,昆明市晋宁区滇知韵花卉种植农民专业合作社,24.656875,102.670525,41.67,0.6121,94.06
69,宜良彧源花卉种植园,24.855647,103.158131,67.45,0.9395,91.03
70,玉溪上云丰花卉农业科技有限公司,24.32005,102.495806,83.85,0.944,90.99
71,玉溪市江川区齐兴花卉种植基地,24.270959,102.751848,90.15,0.9999,90.48
72,鑫丽花卉种植基地,24.318675,102.587125,88.7,1.0057,90.43
73,红塔区亮亮花卉种植基地,24.361898,102.489804,87.95,0.9889,90.58
74,玉溪安誉诚农业科技有限公司,24.113272,102.740011,113.53,1.2714,88.06
75,绍成花卉,24.161871,102.708136,106.51,1.1559,89.08
76,玉溪藤润花卉种植园,24.400874,102.547515,74.74,0.7986,92.32
77,红塔区彦涵花卉种植基地,24.326008,102.497028,83.85,0.944,90.99
78,江川区锦鑫花卉种植基地,24.278349,102.755991,96.3,1.0183,90.32
79,易门美天娇花卉有限公司,24.636325,102.162525,109.0,1.1383,89.24
80,玫瑰花基地,24.352057,102.517069,79.3,0.8649,91.71
81,红塔区航慧花卉种植园,24.369883,102.523124,77.02,0.8748,91.62
82,玉溪春和现代花卉产业融合发展示范园,24.3982,102.522928,74.34,0.8145,92.18
83,红塔区斌秀花卉种植园,24.381216,102.537342,81.14,0.8549,91.81
84,红塔区傅氏花卉种植园,24.325028,102.495302,83.85,0.944,90.99
85,玉溪稳恒花卉种植农民专业合作社,24.353375,102.519975,79.12,0.8591,91.77
86,玉溪银斗花卉种植有限公司,24.415358,102.560651,72.73,0.8416,91.93
87,江川区祥和花卉种植基地,24.401993,102.797227,74.15,0.8115,92.21
88,万兵花卉种植基地,24.456916,102.544761,66.75,0.7186,93.07
89,阡陌缘花卉种植园,24.428778,102.779178,76.01,0.8632,91.73
90,荔椿花卉种植园,24.336475,102.578325,84.33,0.9141,91.26
91,天羽花卉基地,24.431924,102.809682,70.49,0.7771,92.52
92,玉溪市红塔区裕云风花卉种植基地,24.263454,102.505977,91.53,1.0066,90.42
93,花物语花卉种植基地,24.323011,102.50106,83.09,0.9185,91.22
94,玉溪红馨花卉种植基地,24.322096,102.488798,84.58,0.9684,90.77
95,红塔区铄铭花卉种植园,24.264894,102.50716,91.53,1.0066,90.42
96,江川区绿钻花卉种植园,24.387947,102.724328,93.07,1.167,88.98
97,手留余香花卉种植园,24.40197,102.575578,78.75,0.8948,91.44
98,玉溪市江川区硕果花卉经营农场,24.449988,102.822358,70.76,0.8006,92.31
99,玉溪市江川晨丰园花卉种植专业合作社,24.45698,102.817384,69.53,0.7473,92.8
100,玉溪明兰花卉产业有限公司,24.445248,102.438864,93.3,1.3013,87.8
101,阳宗镇智宇花卉种植园,24.816225,102.953075,40.04,0.5046,95.08
102,浩澄大花惠兰基地,24.404984,102.796982,73.59,0.7929,92.38
103,玉溪万裕花卉种植有限公司,24.382847,102.534008,74.66,0.7896,92.41
104,祺一花卉种植园,24.315508,102.514541,99.48,1.0392,90.13
105,清逸花卉种植基地,24.401872,102.797134,74.15,0.8115,92.21
106,建辉花卉种植有限公司,24.430609,102.56133,71.29,0.7975,92.33
107,秦和花卉,24.310544,102.628985,90.04,1.0145,90.35
108,正红盆景园,24.065703,102.757498,119.96,1.2971,87.84
109,万丰花卉种植基地,24.377875,102.515675,77.93,0.8977,91.41
110,四街镇丰华花卉种植园,24.175511,102.695765,106.76,1.1626,89.02
111,李棋街道-云斗花卉3号基地,24.376482,102.535497,75.26,0.7957,92.35
112,云伟花卉种植场,23.550279,102.033486,217.36,2.2168,80.12
113,红塔区禧卉花卉种植园,24.346125,102.517825,79.83,0.8826,91.55
114,忠浩花卉种植园,24.386804,102.716538,93.07,1.167,88.98
115,江川前卫明阳花卉种植园,24.384655,102.720821,93.07,1.167,88.98
116,红塔区德柱花卉种植园,24.380995,102.516652,77.93,0.8977,91.41
117,玉溪市江川区李兰花卉种植,24.272625,102.750075,89.93,0.9971,90.51
118,维花卉种植基地,24.817725,102.952375,40.04,0.5046,95.08
119,家斌花卉种植园,24.371775,102.518675,77.02,0.8748,91.62
120,千艺花卉,24.382159,102.529621,76.97,0.8737,91.63
121,博联(通海县)花卉专业合作社,24.12153,102.665516,116.25,1.3501,87.37
122,惜媛花卉种植园,24.399175,102.795325,74.76,0.8112,92.21
123,江川区锦绣花卉种植园,24.402436,102.795829,75.32,0.8166,92.16
124,云玉隆丰云尚鲜花基地,24.290775,102.630275,91.67,1.0782,89.78
125,嘉悦鲜花种植基地,24.302332,102.500773,86.0,1.0158,90.34
126,玉溪珑润农业(花卉基地),24.450685,102.541924,67.64,0.7409,92.86
127,春和兰花栽培产业园,24.389838,102.529157,74.56,0.8132,92.19
128,玉溪市福禄绣球研和基地,24.261256,102.507425,91.53,1.0066,90.42
129,鑫鑫多肉种植基地,24.482436,102.568206,64.07,0.709,93.16
130,红塔兰花种植基地诺道兰坊,24.339362,102.576441,84.27,0.9133,91.27
131,周灿园艺多肉基地,24.519757,102.512584,86.97,1.31,87.72
132,宝盛兰苑种植基地,24.389775,102.528125,74.56,0.8132,92.19
133,有花漾玫瑰种苗基地,24.423545,102.557048,71.53,0.7846,92.45
134,玉溪百佳农业公司百佳育苗场,24.412183,102.557275,73.81,0.8322,92.01
135,裕苓育苗,24.183808,102.60936,112.25,1.1986,88.7
136,原态蔬菜专业合作社,24.129932,102.650675,120.62,1.353,87.35
137,千艺苗圃,24.151512,102.658071,116.04,1.2924,87.88
138,通海县罗吉茁然育苗基地,24.122404,102.660895,117.0,1.3727,87.17
139,亿源种苗,24.118355,102.68811,113.95,1.2926,87.87
140,富兴育苗厂,24.17285,102.69805,105.31,1.1324,89.29
141,富生种苗二号基地,24.134722,102.695855,111.5,1.2167,88.54
142,欣欣种苗,24.149955,102.705818,112.62,1.2238,88.48
143,云花育苗基地,24.167653,102.71671,107.56,1.1823,88.85
144,通海财源涛涛育苗基地,24.167179,102.716912,107.56,1.1823,88.85
145,香当俏玫瑰花基地,25.303576,103.528249,120.96,1.5833,85.36
146,亿坤花卉种植基地,25.492609,103.884299,163.46,1.8399,83.19
147,慧远花卉种植基地,25.535952,103.86681,161.38,1.8039,83.49
148,陆良诺妍花卉有限公司,25.049437,103.616354,125.49,1.3575,87.31
149,马龙县宜龙花卉园,25.456394,103.609706,144.89,1.6123,85.11
150,谦诚花卉种植园,24.992758,103.66758,128.59,1.4117,86.83
151,兴隆花卉基地,25.023057,103.611627,121.93,1.3213,87.62
152,宣威市昌泰花卉种植园,26.238053,104.103016,247.84,2.6259,76.91
153,马龙区梦曦花卉园艺园,25.203925,103.455725,104.56,1.2652,88.12
154,宣威市茂茂花卉种植中心,26.171616,104.124177,245.87,2.5856,77.22
155,谷阳花卉玫瑰种植基地,25.454725,103.872775,156.76,1.79,83.61
156,守拙环境农业花卉盆景观光园,25.468125,103.844575,154.26,1.6744,84.58
157,锦程花卉苗圃,25.468825,103.566633,131.41,1.3839,87.08
158,罗平县长底乡海子花卉种植基地,24.999084,104.404342,239.17,2.5274,77.67
159,小蟹盆景园,24.823811,103.962351,176.88,1.8701,82.94
160,新妍花卉基地,26.065739,103.765833,198.55,2.1321,80.8
161,悦鑫花卉家禽集散中心,25.522824,103.833212,156.24,1.6592,84.71
162,盛禾蔬菜花卉种植基地,25.282234,103.862272,158.11,1.661,84.7
163,大腾花卉种植场,25.453832,103.872473,167.31,1.7248,84.16
164,龙珠蔬菜花卉园,25.563027,103.841723,159.33,1.6416,84.86
165,润艺花卉种植基地,24.981827,103.668617,127.8,1.3855,87.06
166,爱之花鲜花种植基地,24.850275,103.483875,98.31,1.1966,88.72
167,陆良县大莫古镇盛楠花卉种植园,24.878432,103.50741,107.22,1.2259,88.46
168,照红花卉园艺经营部,25.508812,103.820655,154.03,1.6152,85.09
169,三和盆景园,26.219538,104.092062,245.71,2.5567,77.44
170,宣威雅艺阁盆景园,26.237178,104.100863,247.84,2.6259,76.91
171,云佳卉鲜切花种植基地,24.949195,103.724619,140.74,1.5681,85.49
172,云南煜天农业(逸禾花卉)发展有限公司,24.904349,103.71825,135.25,1.4554,86.46
173,曲靖发投集团苗木基地,25.448265,103.776512,143.48,1.5815,85.37
174,大莫古小团山苗圃,24.939581,103.575913,111.21,1.1911,88.77
175,理想园艺,25.027614,103.685438,130.44,1.4721,86.31
176,初芽新笙绣球种植园,25.368375,103.414675,108.45,1.1759,88.91
177,曲靖清瑞苗木种植有限公司,25.464325,103.650275,134.15,1.5405,85.72
178,一江种苗,24.984164,103.597942,117.0,1.2195,88.52
179,牧野之歌农业开发有限公司牡丹种植基地,25.603719,103.832958,165.89,1.7206,84.19
180,沾益西平正兴苗圃,25.625713,103.83754,168.13,1.7457,83.98
181,沾益西平云林苗圃,25.640844,103.856825,168.43,1.7326,84.09
182,东南多肉基地,25.468676,103.844257,154.18,1.6718,84.61
183,宗兴多肉种植基地,25.455183,103.870924,156.49,1.7831,83.67
184,越州镇大梨树育苗工场,25.259846,103.863549,161.08,1.7038,84.33
185,诚信农副产品杨梅苗种植基地,26.292803,104.246136,267.2,2.7363,76.06
186,会泽老鹰刺盆景种植基地,26.434133,103.279216,227.96,2.3795,78.82
187,丰沃集团·云南丰沃农业育苗基地,25.241925,103.390975,100.18,1.1558,89.09
188,马龙区林林苗木种植园,25.18696,103.412569,96.88,1.0732,89.82
189,长青苗圃,26.528499,103.606563,242.32,2.6308,76.87
190,诗雅园玫瑰种植园,25.206425,103.458075,104.25,1.2573,88.19
191,云南我种花马龙基地,25.235168,103.49824,107.41,1.1731,88.93
192,马龙区禾田苗木种植园,25.393597,103.56263,125.8,1.3399,87.46
193,云南久耀食用玫瑰花基地,24.858421,103.512215,109.89,1.3148,87.68
194,石林县云奎园艺苗圃,24.938692,103.547361,108.27,1.1493,89.14
195,优花农业冬青种植总基地,25.234325,103.590325,126.04,1.4794,86.25
196,垂柳种植基地,25.449606,103.636454,132.52,1.5307,85.81
197,云投苗木基地,25.239644,103.646608,132.9,1.7083,84.3
198,陆良盛源苗圃,25.07752,103.678237,129.99,1.3532,87.34
199,昕玉苗圃,25.418871,103.732399,143.3,1.5769,85.41
200,玉辉育苗基地有限公司,24.980914,103.691111,129.51,1.4692,86.34
201,新绿航漂苗基地,25.056921,103.700356,131.31,1.4223,86.74
202,平盛漂苗基地,25.064115,103.711526,132.74,1.4583,86.43
203,海燕漂苗,25.067374,103.714251,134.14,1.4931,86.13
204,欣怡种苗基地,25.015544,103.713645,132.38,1.5205,85.89
205,农场红云种苗,25.015273,103.715406,132.38,1.5205,85.89
206,鑫源漂苗基地,25.070418,103.722099,134.25,1.4958,86.11
207,云柄多肉曲靖盘江基地,25.708389,103.819673,179.03,1.9207,82.52
208,沾益西平大水塘苗圃,25.629801,103.832839,168.71,1.7579,83.88
209,兴祥苗圃,25.626355,103.835386,168.2,1.7467,83.97
210,沾益西平洪欣园艺场,25.62636,103.837002,168.2,1.7467,83.97
211,鑫能苗圃,25.62612,103.837621,168.2,1.7467,83.97
212,曲靖兰花基地,25.500775,103.842775,157.18,1.6899,84.45
213,曲靖市麒麟区越州镇上坡村秱秂漂苗基地,25.340877,103.856523,151.54,1.7004,84.36
214,杨家坝蔬菜大棚种植,25.49512,103.88139,163.13,1.8316,83.26
215,永泉锦阳苗圃种植园,25.497999,103.888913,163.02,1.8289,83.29
216,云南阳阳多肉1号基地,25.259247,103.864727,161.21,1.7082,84.3
217,宣威市双福园林绿化基地,26.254408,104.072559,251.9,2.6173,76.97
218,永安西梅园,25.991126,104.053225,223.61,2.4162,78.54
219,苗木花卉基地,24.977143,101.595187,164.06,1.8124,83.42
220,禄丰中村云之兰花卉种植基地,25.258849,102.056411,122.2,1.5512,85.63
221,大姚鑫莹花卉种植专业合作社,25.662441,101.264305,239.6,2.7243,76.15
222,云南五杰花卉有限公司,25.096982,101.509408,166.51,1.7558,83.9
223,禄丰鸿运来花卉种植基地,25.240915,102.298618,107.47,1.1691,88.97
224,春叶花卉农场,24.9987,101.881496,116.42,1.2453,88.29
225,种花班花卉种植基地,25.426201,102.286813,110.1,1.3462,87.4
226,玫瑰花基地,24.954825,102.215175,75.79,0.8428,91.92
227,大姚梓皓花卉专业合作社,25.676925,101.270975,238.28,2.68,76.49
228,禄丰名一花卉种植园,25.223404,102.287045,86.95,0.9879,90.59
229,茗川花卉玫瑰种植基地,25.268459,102.27405,93.29,1.1124,89.47
230,淏诚农业花卉种植园,25.183195,101.271668,193.66,2.0129,81.77
231,武定县鸿卉花业种植园,25.509608,102.419811,,,
232,卉彩基地,25.573097,101.234609,231.24,2.4358,78.38
233,三姐苗圃,25.765334,101.848647,191.66,2.0288,81.64
234,博雅园林苗圃,24.990847,101.611587,166.42,1.8517,83.1
235,姚安县多肉植物基地,25.520469,101.235348,226.82,2.4168,78.53
236,白蚁鸡枞菌保育促繁示范基地,25.072461,101.258533,209.73,2.4452,78.31
237,楚雄天马园林绿化公司苗圃基地,25.020591,101.4967,168.87,1.7657,83.81
238,楚雄市盛亚苗圃,25.028725,101.502475,167.59,1.7498,83.95
239,牟定迷迭香示范基地,25.269525,101.593025,163.68,1.779,83.7
240,楚雄市鹿城王水祥苗圃场,24.984181,101.603711,165.88,1.8428,83.17
241,楚雄市苍岭镇明媚绿化种植基地,25.088208,101.630951,152.81,1.5866,85.33
242,元谋县黄瓜园镇l金沙种业苴林育苗场,25.832831,101.831638,200.69,2.1167,80.92
243,蒋三果苗场,25.729283,101.855996,184.83,1.9353,82.4
244,花之物语(元谋)种植有限公司,25.72089,101.874592,187.24,1.9857,81.99
245,新品种苗圃果园果蔬,25.775325,101.887025,192.54,2.1279,80.83
246,老城乡正源种苗场,25.642104,101.903198,178.59,1.9878,81.97
247,双柏县植盛农业有限公司,24.761275,101.826021,162.37,1.7154,84.24
248,禄丰鸿升绿化苗圃基地,25.119708,102.058539,109.25,1.2173,88.54
249,楚雄予顺仙人掌培植专业合作社,24.968625,102.113025,89.59,0.9683,90.77
250,武定云品花舍北美冬青种植基地,25.501623,102.210444,,,
251,禄丰罗次鹏源林果苗木种植基地,25.32882,102.265554,105.53,1.3039,87.78
252,三家村苗圃,25.346434,102.303977,99.1,1.0855,89.71
253,白依河管护站东华苗圃基地,24.944598,101.48953,170.27,1.763,83.84
254,锦添苗圃,25.04354,101.502627,166.53,1.7365,84.06
255,子午镇羽森园艺场,24.863475,101.486625,172.13,1.9835,82.01
256,楚雄君诚苗圃种植园,25.056756,101.591137,160.38,1.6597,84.71
257,舒心悦园艺,25.840566,101.835975,199.84,2.0955,81.1
258,香噜噜多肉种植基地,25.553625,102.404875,99.27,1.1207,89.4
259,开远育美花卉有限责任公司,23.573025,103.334461,229.93,2.3899,78.74
260,云南振东花卉有限公司(红河基地),24.159875,103.317025,164.2,1.705,84.32
261,弥勒市淇翔花卉加工厂,24.35159,103.439266,140.5,1.5191,85.91
262,蒙自博蒙花卉园艺种植园,23.32664,103.443454,254.24,2.6589,76.65
263,志展花卉种植基地,23.97929,103.367055,176.15,1.8046,83.49
264,泸西万达花卉种植园,24.639187,103.752315,164.94,1.7667,83.81
265,弥勒市甸园花卉葡萄种植有限公司,24.265275,103.454575,150.28,1.6158,85.08
266,石屏县宝秀镇李杰花卉种植园,23.746052,102.41761,220.99,2.2787,79.62
267,冷水沟花卉种植基地,23.733825,103.290625,214.21,2.1881,80.35
268,金马镇金太花卉种植基地,24.591675,103.743575,159.12,1.6871,84.48
269,建水县东村花卉园林场,23.614187,102.872171,177.68,1.8431,83.17
270,瑞海花卉生产基地,24.360425,103.377825,142.15,1.6745,84.58
271,秦天园艺,23.572775,103.283175,231.98,2.4781,78.05
272,佳源盆景苗木批发基地,24.669113,103.685894,148.68,1.7225,84.18
273,臣东花卉园艺园,24.439673,103.434758,135.35,1.5028,86.05
274,琰忆花卉种植园,23.653876,102.86043,174.95,1.8317,83.26
275,云宇花卉种植基地,23.784077,102.41719,219.97,2.2499,79.85
276,蒙自市瑰夏鲜花种植基地,23.341925,103.409247,251.09,2.6586,76.65
277,喜兔苗圃园店,22.992877,102.413582,329.01,3.3916,71.24
278,云南绍君园林景观工程有限公司苗木基地,23.672369,102.882374,180.56,1.9448,82.33
279,开远市卉谷园艺有限公司生产基地,23.573525,103.335857,229.86,2.3877,78.76
280,望丰种苗,23.513186,103.377822,241.34,2.6704,76.56
281,泸西县果树站,24.544491,103.754663,152.03,1.5984,85.23
282,石屏县新源苗圃,23.740137,102.438603,222.57,2.3314,79.2
283,红河谷育苗中心,23.350445,102.427294,265.14,2.7197,76.19
284,秀清苗圃,23.53914,102.859896,189.65,1.9396,82.37
285,热冲苗圃,23.701349,103.238383,211.86,2.2299,80.01
286,开远市大力苗木基地,23.64435,103.24399,219.44,2.2614,79.76
287,永发种苗,23.520619,103.356075,240.86,2.676,76.52
288,云南源怡种苗有限公司,24.609977,103.803271,172.25,1.7962,83.56
289,云南屏边天艺园林有限公司兰花种植基地,23.001875,103.669225,314.68,3.1974,72.63
290,石屏县朱洼子山水苗圃,23.773892,102.418697,218.94,2.2371,79.96
291,新春苗圃,23.739574,102.439959,222.76,2.3377,79.15
292,新隆苗圃,23.739037,102.445876,222.78,2.285,79.57
293,凯旋苗圃,23.735347,102.463752,217.04,2.2796,79.62
294,春风十里园艺农场,23.703602,102.475989,217.78,2.2219,80.08
295,石屏县老生祠苗圃,23.684575,102.494721,220.73,2.2791,79.62
296,哈期黑村天发育苗基地,24.025159,102.544637,120.14,1.6945,84.41
297,哈期黑梅微种植基地,24.025047,102.545081,120.14,1.6945,84.41
298,惠艺苗圃,23.977938,102.764589,140.04,1.4774,86.27
299,鼎丰苗圃,23.966617,102.77753,138.05,1.4526,86.48
300,曲江张兵种苗,23.972747,102.779774,138.05,1.4526,86.48
301,星盈苗圃,23.949817,102.816806,135.42,1.4194,86.77
302,春光里花田种植园,23.643912,102.793366,178.42,1.9209,82.52
303,多肉花园基地,23.604213,102.818566,177.91,1.8869,82.8
304,建水南庄农丰育苗,23.710676,102.833951,165.55,1.7303,84.11
305,曲江苗圃,23.511526,102.853846,193.18,1.9748,82.08
306,小王苗场,23.208977,102.89148,265.96,2.7644,75.85
307,开远市瑞泉苗圃,23.640383,103.245537,220.01,2.2685,79.7
308,开远市北郊苗场,23.675177,103.262582,215.18,2.2126,80.15
309,杨会和苗圃,23.585175,103.254499,228.6,2.3759,78.85
310,云南桐达农业有限公司开远苗圃基地乔灌木分场,23.735498,103.276506,206.36,2.1067,81.0
311,恒发苗场,23.699723,103.279686,212.64,2.1764,80.44
312,万联绿艺种苗种植,23.575279,103.277556,231.43,2.4597,78.19
313,红河金平八角苗圃,22.941644,103.248567,358.35,3.6265,69.58
314,弥勒市东风音韵种植园,24.304135,103.394136,139.64,1.5882,85.31
315,鸿园苗圃2,24.433303,103.41063,127.77,1.4111,86.84
316,小丽玫瑰种植园,24.364047,103.418128,135.67,1.5068,86.01
317,云南吉成园林阿乌村基地,24.423784,103.425903,132.11,1.4349,86.63
318,弥勒市康辉兰花种植园,24.424098,103.431334,131.78,1.4308,86.67
319,云南西露斯园艺有限公司非洲菊项目基地,23.572812,103.344166,229.04,2.3603,78.98
320,竹园白家贵种植园苗场,24.13502,103.411355,158.53,1.6628,84.68
321,蒙自市谷润种苗园,23.509334,103.360083,241.19,2.6841,76.46
322,蔓金二级路2号便道苗圃,23.00337,103.319589,355.45,3.6617,69.34
323,红河国际兰花种植交流中心,23.466682,103.383996,259.18,2.7912,75.64
324,蒙自盖茨比玫瑰产业庄园,23.323225,103.387765,250.87,2.6578,76.66
325,红聚源兰花种植基地,23.331266,103.440664,253.72,2.6525,76.7
326,范宝育苗基地,24.633717,103.71112,163.16,1.802,83.51
327,红河绿源苗圃,24.521114,103.731958,149.23,1.5698,85.47
328,泸西职中园艺基地,24.56594,103.749166,152.88,1.6213,85.03
329,艾植悟多肉种植园,24.613645,103.806709,169.95,1.7578,83.88
330,石屏通达兰业有限公司,23.640783,102.575379,201.8,2.1776,80.43
331,沐沐种植基地,23.606636,102.804755,178.81,1.9092,82.62
332,极丽花园多肉基地,25.722657,100.175802,346.81,3.652,69.41
333,鹤庆金墩小白龙现代农业产业园-花卉种植基地,26.479009,100.185081,427.1,4.3349,64.82
334,花伴一生玫瑰生活体验馆,25.759572,100.139053,352.83,3.6819,69.2
335,九鼎花卉云南驿基地,25.385737,100.73493,262.57,2.7352,76.07
336,双阳花卉种植园,25.7323,100.137274,349.04,3.596,69.8
337,落依花坊,25.8253,100.5957,326.97,3.3383,71.62
338,茶林花卉园艺场,25.25646,100.291311,357.56,3.6402,69.49
339,宝玉花卉种植园,25.299736,100.501035,302.94,3.2275,72.42
340,大理市顺丰花卉种植园,25.628753,100.208657,335.03,3.4388,70.9
341,永平县畅想园艺花卉园,25.465658,99.520679,422.83,4.3419,64.78
342,九鼎花卉禾甸基地,25.522545,100.75796,287.88,2.9745,74.27
343,大理熊熊多肉基地(凤仪基地),25.605638,100.331737,325.18,3.3191,71.76
344,林家花园,25.485731,100.584146,278.98,2.838,75.29
345,大理碧源花卉种植有限公司,26.233826,99.970142,411.94,4.1691,65.91
346,越星花卉苗圃基地,25.828025,100.567875,329.12,3.3925,71.23
347,洱源大浪穹装饰行绿化苗木基地,26.133404,99.921923,,,
348,晨熙花卉苗圃,25.787726,100.503188,352.8,3.5763,69.93
349,沈家多肉花房,25.404976,100.214831,334.59,3.4144,71.07
350,刘厂镇青坡社区鲜花种植基地,25.480546,100.725053,271.38,2.8785,74.99
351,大理市创益园林苗圃,25.680824,100.181087,341.63,3.5383,70.2
352,春晓种苗,25.418648,100.427093,301.68,3.2308,72.39
353,云南怡品大马士革玫瑰种植基地,25.919522,100.266509,367.58,3.8922,67.76
354,云南兰花大叔(鹤庆基地),26.554675,100.213725,435.46,4.4217,64.26
355,一树75号小花田,25.740499,100.143324,350.74,3.6471,69.44
356,大理市林业种籽苗木站,25.702707,100.157934,346.12,3.5671,70.0
357,大理市清荣苗圃,25.649298,100.198137,340.38,3.5175,70.35
358,大理市新卫苗圃,25.640571,100.203771,341.49,3.5361,70.22
359,大理市顺东苗圃,25.643723,100.208736,336.22,3.448,70.84
360,子玥苗木种植合作社,25.646725,100.212375,336.34,3.45,70.82
361,小孔阳光玫瑰基地,25.888266,100.520419,335.86,3.4069,71.13
362,大理春沐源玫瑰园基地,25.289703,100.526199,304.12,3.2725,72.09
363,鑫扬育苗场,25.763593,100.579312,326.55,3.321,71.74
364,沙溪凡间多肉园,26.307295,99.843258,468.82,4.7607,62.12
365,洱源三营伟业苗木基地,26.183172,99.961199,405.14,4.0997,66.37
366,洱源国雄果树盆景园,26.102025,99.967025,402.75,4.1618,65.96
367,拾光印迹多肉基地,25.760575,100.141275,353.36,3.6965,69.1
368,宜良苗圃,25.702251,100.172573,344.02,3.5782,69.92
369,大理市盛欣苗圃,25.646002,100.202604,336.8,3.4578,70.77
370,大理市小曹苗圃,25.641621,100.203193,341.36,3.5339,70.23
371,大理市福顺苗圃,25.640026,100.204342,341.56,3.5371,70.21
372,景程苗圃,25.633301,100.209101,342.58,3.5542,70.09
373,大理翠森园林苗圃基地,25.630729,100.209299,334.9,3.4261,70.99
374,大理市城祥苗木场,25.644925,100.212375,336.14,3.4468,70.84
375,祖文兰苑国兰养殖基地,25.635839,100.211601,335.31,3.4329,70.94
376,在山草堂·兰花种植基地,25.570806,100.256944,332.0,3.4332,70.94
377,云哲苗圃,25.706489,100.48892,333.74,3.4981,70.48
378,弥渡木古兰绿化园艺场,25.348925,100.492325,296.71,3.1584,72.92
379,青蓝多肉基地,25.309695,100.492222,301.58,3.2154,72.5
380,美艳种植园,25.859661,100.598119,330.32,3.3758,71.35
381,一马平川青花椒育苗基地,25.859775,100.599475,330.32,3.3758,71.35
382,北经庄大理市德烨苗圃,25.653492,100.198913,340.05,3.5121,70.38
383,花恋语,25.690415,100.51401,331.59,3.4705,70.68
384,大理阿伊玫瑰园,25.73645,100.135336,349.57,3.6026,69.75
385,丽江现代花卉产业园区地香集团玫瑰种植基地,26.803306,100.293878,465.91,4.7244,62.35
386,羽佳园艺花圃园林景观,26.880354,100.192949,481.58,4.941,61.01
387,玉龙县云花坞花卉基地,26.837587,100.226335,476.19,4.8622,61.49
388,古城区璟琇花卉园艺,26.82371,100.275019,475.85,4.886,61.35
389,丽江现代花卉产业园区食用玫瑰种植基地,26.803275,100.290375,465.64,4.7153,62.4
390,七星众诚园艺花卉有限公司,26.839979,100.227801,477.91,4.9212,61.13
391,丽江注定红农业科技有限公司种植基地,26.822285,100.275015,476.0,4.891,61.32
392,正良苗圃,26.841409,100.245126,474.6,4.842,61.62
393,丽江地香食用玫瑰种植基地,26.803301,100.291275,465.64,4.7153,62.4
394,腾冲市花满园花卉种植园,25.082869,98.473099,641.89,6.6065,51.65
395,隆阳区金笑花卉种植园,25.037264,99.159213,503.71,5.0963,60.07
396,保山市仟红花卉种植园,25.08676,99.143736,500.57,5.0924,60.1
397,隆阳区益益园林花卉,25.05213,99.158737,501.67,5.0649,60.26
398,张家花圃,25.045222,99.158938,517.2,5.2203,59.33
399,艾家月季花卉种植园,25.144931,99.181137,495.3,5.0486,60.36
400,微微花卉种植园,25.145925,99.182094,495.3,5.0486,60.36
401,全承花卉种植园,24.720998,98.806701,589.04,6.0131,54.81
402,维兴花卉种植园,25.004441,99.373764,535.04,5.3994,58.28
403,隆阳区一亩三分地苗圃,25.085697,99.198592,499.21,5.1271,59.89
404,隆阳区辛街乡龙洞育苗地,24.95459,99.214961,523.89,5.4121,58.2
405,腾冲市固东镇林川苗木种植基地,25.28703,98.49779,667.05,7.1049,49.14
406,苗圃基地,25.048181,98.499373,637.48,6.4628,52.4
407,山富水金桂花苗圃,24.985309,98.51237,631.92,6.3775,52.85
408,东林园艺,25.036947,98.525163,636.52,6.4549,52.44
409,怡然苗场,25.397013,98.86771,538.77,5.5806,57.23
410,隆阳区马家苗圃,25.044355,99.158646,502.98,5.0868,60.13
411,隆阳区红源苗圃,25.045975,99.159725,517.35,5.2218,59.32
412,洁露苗圃林场,25.036396,99.167182,507.86,5.1711,59.62
413,银运苗圃,25.216075,99.222675,486.85,4.96,60.9
414,保山多肉基地,25.157164,99.23308,490.87,4.9928,60.7
415,沄箐多肉种植基地,25.123825,99.267875,510.86,5.4307,58.1
416,昌宁县福荟园艺苗圃园,24.694378,99.47859,597.44,6.6645,51.35
417,胆扎茶花基地,25.492635,98.284781,706.39,7.5282,47.1
418,诚信苗圃,25.45865,99.240766,465.32,4.7699,62.07
419,小穆仙人掌种植基地,24.548147,99.331625,621.73,6.5602,51.89
420,春意花卉坊,22.995175,104.394825,366.36,3.8002,68.38
421,清香堂花卉苗木基地,23.35437,104.199496,307.75,3.1263,73.15
422,文山州林草保障性苗圃,23.347415,104.204077,306.96,3.1131,73.25
423,和谐园艺-文山州蘭花种植产业园区,23.403466,104.252373,305.99,3.1303,73.12
424,天华园艺,22.976903,104.431537,372.68,3.895,67.74
425,砚山县平远觐川盆景苗圃绿化园,23.730673,103.77193,240.47,2.5527,77.47
426,茗优农业开发有限公司育苗场,23.759895,103.828803,240.4,2.506,77.83
427,仙人掌种植基地,24.061896,104.122028,328.02,3.4824,70.59
428,农之星育苗(1苗厂),23.726673,104.207312,279.89,2.8813,74.97
429,文山市江南园艺中心,23.404018,104.252562,305.95,3.1289,73.13
430,文山速植苗圃,23.331818,104.282804,316.41,3.3414,71.6
431,同创农业(盘龙育苗基地),23.480175,104.385975,316.86,3.3724,71.37
432,云南坤泓农业有限责任公司种苗基地,22.961437,104.35621,372.23,3.8735,67.89
433,马关森田花圃,23.037025,104.380041,360.25,3.7238,68.91
434,文山州林草保障性苗圃(马关县金城国有林场),23.022511,104.418834,365.47,3.7891,68.46
435,富宁县保障性苗圃生产管理区,23.624825,105.574375,450.77,4.6605,62.75
436,古龙矮化大红八角嫁接苗场富宁总场,23.651735,105.60262,447.88,4.5578,63.4
437,云南省普洱市景谷县碧安乡碧安古镇秋榜兰花小福兰艺花卉种植基地,23.066483,100.448254,521.28,6.0206,54.77
438,普洱市景谷县永平镇磊鑫苗场苗圃,23.419887,100.391831,497.8,5.6599,56.78
439,普洱南仙谷农业开发有限公司,22.786984,100.87572,412.42,4.1908,65.77
440,云芳苗圃,22.822675,100.987275,400.89,4.0865,66.45
441,孟连金辉苗圃,22.372746,99.665291,581.78,5.9734,55.03
442,糯扎渡小刚苗圃黑河基地,22.634038,100.114773,519.35,5.3551,58.54
443,龙景园林绿化有限公司,24.478935,100.819376,399.87,4.0766,66.52
444,镇沅八桂种苗苗圃基地,24.068326,100.806101,381.15,3.8957,67.73
445,景东亿佳苗木种植园,24.423975,100.856325,395.1,4.0708,66.56
446,普洱市光明苗圃,22.832185,100.973942,399.86,4.0742,66.54
447,花农世家,22.809344,100.99749,402.63,4.1156,66.26
448,祖强苗圃基地,22.609499,101.447925,483.5,5.0779,60.18
449,孟连应园苗圃,22.33852,99.609482,589.93,6.0977,54.35
450,孟连岩根苗圃,22.397506,99.710089,576.5,5.9074,55.39
451,澜沧洪源葡莲种植农场,22.717675,99.817125,571.3,5.8576,55.67
452,正发苗圃,22.470837,99.984929,542.69,5.4847,57.78
453,万竹源种植基地,22.456975,100.590875,483.46,5.0083,60.6
454,南岛河茶城兰语榜兰养植园,22.632316,100.997183,425.0,4.297,65.07
455,镇沅爱上花园艺,23.93144,101.425914,269.31,2.9064,74.78
456,西双版纳茂园苗木花卉有限责任公司,21.939565,100.76429,533.33,5.4173,58.17
457,曼岗纳花卉园,21.499918,101.583389,629.99,6.4121,52.67
458,嘎洒仕运花卉苗圃基地,21.942375,100.770725,530.03,5.3811,58.39
459,景洪市市政苗木花卉培育实验基地,22.006925,100.7677,523.47,5.3475,58.58
460,长毛苗场新基地,21.997575,100.251225,591.93,6.0482,54.62
461,西双版纳林丰绿化种苗有限公司,21.950079,100.394527,573.35,5.8005,55.99
462,勐海创兴苗场,21.850485,100.409872,578.97,5.9126,55.36
463,勐往乡曼东苗场,22.326788,100.487328,524.38,6.062,54.54
464,景洪嘎洒张小明苗木基地二,21.936161,100.725722,533.66,5.4214,58.15
465,景洪市嘎洒青园苗圃,21.938293,100.748316,532.67,5.414,58.19
466,景洪嘎洒小施东红苗圃,21.942274,100.754334,531.57,5.4002,58.27
467,小邢苗木,21.942577,100.754674,531.57,5.4002,58.27
468,景洪市新兴苗圃,21.938469,100.756174,532.56,5.4076,58.23
469,西双版纳润景苗木种植专业合作社2基地,21.93907,100.765677,533.44,5.4186,58.17
470,景洪嘎洒张小明苗木,21.943362,100.773211,530.03,5.3811,58.39
471,景洪市嘎洒宏运花圃基地,21.941862,100.777047,530.9,5.3956,58.3
472,景洪嘎洒承富苗圃,21.943458,100.777522,531.12,5.3946,58.31
473,景洪嘎洒森木果苗繁育基地,21.789702,100.77397,549.65,5.708,56.51
474,景洪市优源棋楠苗圃有限公司,22.018492,100.844085,519.67,5.24,59.21
475,普文嘉毅园林绿化基地,22.554125,101.036925,432.31,4.3884,64.48
476,景洪市普文江景苗圃,22.446775,101.035575,451.62,4.5918,63.18
477,勐腊县榴莲苗木园,21.441515,101.297294,634.13,6.5095,52.15
478,勐腊陌上花园艺场,21.476006,101.572941,628.35,6.3974,52.74
479,迷您花奔种植园,21.520774,101.578074,631.83,6.418,52.63
480,王山苗圃,21.496322,101.588172,629.99,6.4121,52.67
481,景洪嘎洒林山苗圃二基地,21.935914,100.721057,533.72,5.4221,58.15
482,景洪皓翔园林,21.938387,100.74855,531.57,5.3953,58.3
483,景洪市嘎洒龙森苗圃,21.938225,100.755975,532.56,5.4076,58.23
484,双林园艺,22.517509,101.055117,437.37,4.4517,64.07
485,勐腊勐仑焕朝园林园艺绿化苗圃,21.916266,101.239374,549.98,5.5429,57.45
486,格桑花卉玫瑰园,27.799928,99.684138,615.45,6.2382,53.59
487,香格里拉苗圃,27.761757,99.699554,612.2,6.1845,53.88
